user_id,entity,level
1,感冒,5
1,咽炎,1
1,鼻塞,1
1,流鼻涕,1
1,发烧,1
1,鸡蛋,1
1,支气管炎,1
1,咸鱼,1
1,风热感冒,3
1,啤酒,1
1,鼻塞,1
1,鸡蛋,1
1,白酒,1
1,喉炎,1
1,咽炎,3
1,发烧,1
1,肺炎,1
1,支气管炎,1
1,咽喉炎,1
1,痰多,3
1,伤寒,3
1,乏力,1
1,贫血,1
1,螃蟹,1
1,发烧,3
1,咽炎,1
1,膀胱癌,1
1,心肌炎,1
1,艾滋病,1
1,麦粒肿,1
1,流鼻涕,3
1,鼻炎,1
1,麻疹,1
1,恶心,3
1,消化不良,1
1,呃逆,1
1,胃病,1
1,胃癌,1
1,胃息肉,1
1,胆囊炎,1
1,肠炎,1
1,胰腺癌,1
1,肝炎,1
1,脑梗死,1
1,贫血,1
1,疟疾,1
1,带状疱疹,1
1,黄疸,1
1,眩晕,1
1,狂犬病,1
1,煤气中毒,1
1,乙肝,1
1,痛经,1
1,淋病,1
1,高钾血症,1
1,多囊肾,1
1,脑血管病,1
1,慢性咽炎,1
1,胆管癌,1
1,胃溃疡,1
1,类癌,1
1,慢性咽炎,3
1,鸡蛋,1
1,头晕,1
1,恶心,1
1,螃蟹,1
1,喉咙痛,3
1,甲流,3
1,疲劳,1
1,啤酒,1
1,鸡蛋,1
1,白酒,1
1,头晕,3
1,高血压,1
1,贫血,1
1,耳石症,1
1,煤气中毒,1
1,心律失常,1
1,心肌病,1
1,绝经,1
1,痛经,1
1,早泄,1
1,动脉硬化,1
1,偏头痛,1
1,慢性咽炎,1
1,阴虚,1
1,头痛,3
1,中暑,1
1,鸡蛋,1
1,偏头痛,1
1,鼻炎,3
1,流鼻涕,1
1,鸡蛋,1
1,鼻息肉,1
1,花生,1
1,咳痰,3
1,肺炎,1
1,肺病,1
2,月经不调,2
2,鸡蛋,1
2,痛经,1
2,盆腔炎,1
2,螃蟹,1
2,月经稀少,3
2,阳虚,1
2,肾阴虚,1
2,痛经,3
2,乏力,1
2,腰酸,1
2,头晕,1
2,恶心,1
2,绝经,3
2,乏力,1
2,抑郁,1
2,头晕,1
2,阴道炎,3
2,瘙痒,1
2,鸡蛋,1
3,肥胖,1
3,高脂血症,1
3,体重增加,3
4,高血压,1
4,咳嗽,1
4,乏力,1
4,脂肪肝,1
4,糖尿病,1
4,血压高,1
4,中风,1
4,狂犬病,1
4,肾虚,1
4,头晕,1
4,脑出血,1
4,肾囊肿,1
4,脊椎病,1
4,肾阴虚,1
4,高脂血症,3
4,肥胖,1
4,脂肪肝,1
4,糖尿,1
4,血压高,1
4,血管硬化,1
4,血压病,3
4,心力衰竭,1
4,血压下降,1
5,糖尿病,2
5,高血压,1
5,胰腺癌,1
5,口渴,1
5,牙龈炎,1
5,艾滋病,1
5,冰糖,1
5,肾虚,1
5,蜂蜜,1
5,尿毒症,1
5,尿糖,1
5,多尿,1
5,血糖升高,1
5,糖尿,3
5,高脂血症,1
5,子满,1
5,高血脂,1
5,糖尿病足,1
5,尿路感染,1
5,尿糖,3
5,糖尿病足,3
5,啤酒,1
5,糖尿,1
5,鸡蛋,1
5,白酒,1
6,营养不良,1
6,腹泻,1
6,啤酒,1
6,近视,1
6,贫血,1
6,鸡蛋,1
6,低血糖,1
6,口腔癌,1
6,白酒,1
6,消化不良,3
6,呃逆,1
6,胃癌,1
6,嗳气,1
6,阑尾炎,1
6,恶心,1
6,口苦,3
6,胃病,3
6,胃癌,1
6,胃息肉,1
6,黑便,1
6,恶心,1
6,胃溃疡,1
6,螃蟹,1
6,胃炎,3
6,胃癌,1
6,反酸,1
6,胀痛,3
6,胰腺癌,1
6,隐睾,1
6,卵巢癌,1
6,腰肌劳损,1
6,打嗝,3
6,食管炎,1
6,反酸,3
6,胃炎,1
6,腹痛,1
6,食管癌,1
6,口臭,3
6,磨牙,1
6,口干舌燥,1
7,失眠,1
7,胃下垂,1
7,抑郁症,1
7,肾虚,1
7,腋臭,1
7,噩梦,1
7,多梦,3
7,阴虚,1
7,疲乏,3
7,痛风,1
7,中暑,1
7,脂肪肝,1
7,猴痘,1
7,贫血,1
7,骨质增生,1
7,猝死,1
7,低血压,1
7,心肌病,1
7,高钾血症,1
7,乏力,3
7,肺结节,1
7,高血压,1
7,伤寒,1
7,肝炎,1
7,慢性病,1
7,脂肪肝,1
7,红斑狼疮,1
7,结核病,1
7,带状疱疹,1
7,心肌炎,1
7,乙肝,1
7,冠心病,1
7,绝经,1
7,痛经,1
7,肝癌,1
7,肾病,1
7,淋病,1
7,脚气病,1
7,早泄,1
7,尿路感染,1
7,非典,1
7,多囊肾,1
7,卵巢癌,1
7,霍乱,1
7,胆管癌,1
7,前列腺癌,1
7,直肠癌,1
7,心慌,3
7,冠心病,1
7,胃出血,1
7,心力衰竭,3
7,中暑,1
7,肺癌,1
7,休克,1
7,鸡蛋,1
7,尿毒症,1
7,血压病,1
7,恶心,3
7,消化不良,1
7,呃逆,1
7,胃病,1
7,胃癌,1
7,胃息肉,1
7,胆囊炎,1
7,肠炎,1
7,胰腺癌,1
7,肝炎,1
7,脑梗死,1
7,贫血,1
7,疟疾,1
7,带状疱疹,1
7,黄疸,1
7,眩晕,1
7,狂犬病,1
7,煤气中毒,1
7,乙肝,1
7,痛经,1
7,淋病,1
7,高钾血症,1
7,多囊肾,1
7,脑血管病,1
7,慢性咽炎,1
7,胆管癌,1
7,胃溃疡,1
7,类癌,1
8,便秘,1
8,鸡蛋,1
8,蜂蜜,1
8,开塞露,3
9,老年便秘,1
9,痔疮,1
9,大便干燥,1
9,秃顶,3
9,豆腐,1
9,姜,1
9,老年病,3
9,老年痴呆,1
9,血压高,1
9,血糖升高,1
9,螃蟹,1
9,老年痴呆,3
9,骨折,1
9,老年病,1
9,听力下降,3
9,耳鸣,1
9,耳聋,1
9,青光眼,3
9,啤酒,1
9,蜂蜜,1
9,远视,1
9,近视眼,1
9,花生,1
9,白酒,1
9,痴呆,3
9,抑郁,1
9,艾滋病,1
9,健忘,1
9,鸡蛋,1
9,尿路感染,1
9,慢性病,3
9,疲劳,1
9,乏力,1
9,骨质疏松,1
9,腰痛,1
9,菜花,1
9,骨质增生,3
9,疲乏,1
9,肿胀,1
9,海参,1
10,心律失常,1
10,肺癌,1
10,狂犬病,1
10,胸闷,1
10,心肌病,1
10,头晕,1
10,尿毒症,1
10,动脉硬化,1
10,脊椎病,1
10,偏头痛,1
10,冠心病,3
10,乏力,1
10,心慌,1
10,猝死,1
10,白酒,1
10,心力衰竭,3
10,中暑,1
10,肺癌,1
10,休克,1
10,鸡蛋,1
10,尿毒症,1
10,血压病,1
10,心跳加快,3
10,心脏病,3
10,肺结核,1
10,白酒,1
10,心脏骤停,3
10,呼吸衰竭,3
10,中暑,1
10,肺癌,1
10,休克,1
10,甲状腺癌,1
10,气急,1
10,心脏病,3
10,肺结核,1
10,白酒,1
10,白内障,3
10,白酒,1
10,心脏畸形,3
11,血糖升高,1
11,糖尿病,1
11,老年病,1
11,血栓形成,3
11,啤酒,1
11,狂犬病,1
11,骨折,1
11,鸡蛋,1
11,红皮病,1
11,蜂蜜,1
11,肺栓塞,1
11,胸痛,1
11,血压下降,3
11,肝损伤,1
11,颅脑损伤,1
11,霍乱,1
11,胃出血,1
11,血压病,1
11,血管堵塞,3
11,脑血管病,1
11,静脉曲张,3
11,鸡蛋,1
11,螃蟹,1
11,动脉硬化,3
11,血压高,1
11,心律失常,1
11,鸡蛋,1
11,头晕,1
11,脑缺血,1
11,血管病,3
11,啤酒,1
11,肺栓塞,1
11,花生,1
12,哮喘,1
12,药物过敏,1
12,呼吸衰竭,3
12,中暑,1
12,肺癌,1
12,休克,1
12,甲状腺癌,1
12,气急,1
13,尿频,1
13,性病,1
13,血尿,1
13,膀胱癌,1
13,肠癌,1
13,肾虚,1
13,子宫肌瘤,1
13,前列腺炎,1
13,宫颈癌,1
13,尿路感染,1
13,前列腺癌,1
13,尿急,3
13,性病,1
13,血尿,1
13,膀胱癌,1
13,前列腺炎,1
13,宫颈癌,1
13,尿路感染,1
13,尿毒症,3
13,糖尿病,1
13,心律失常,1
13,心力衰竭,1
13,嗜睡,1
13,高钾血症,1
13,尿分叉,3
13,早泄,3
13,乏力,1
13,头晕,1
13,前列腺炎,1
14,口腔出血,1
14,牙龈出血,3
14,牙龈炎,1
14,牙周炎,1
14,牙病,1
14,牙病,3
14,牙龈出血,1
14,口腔癌,3
14,鼻塞,1
14,营养不良,1
14,牙痛,1
14,牙结石,3
14,鸡蛋,1
14,白酒,1
14,牙痛,3
14,口腔癌,1
15,尖锐湿疣,1
15,瘙痒,1
15,啤酒,1
15,鸡蛋,1
15,蜂蜜,1
15,湿疣,1
15,白酒,1
15,艾滋病,3
15,腹泻,1
15,痴呆,1
15,发炎,1
15,贫血,1
15,发烧,1
15,糖尿病,1
15,低血压,1
15,鸡蛋,1
15,性冷淡,3
15,抑郁,1
15,啤酒,1
15,花生,1
16,结节,1
16,黑色素瘤,1
16,息肉,3
16,胃息肉,1
16,脂肪瘤,1
16,黑色素瘤,1
16,无力,3
16,麻风,1
16,休克,1
16,低血压,1
16,低血糖,1
16,过劳,3
17,胆结石,2
17,结石,1
17,嗳气,1
17,啤酒,1
17,白酒,1
17,胆管结石,1
17,胆囊息肉,3
17,啤酒,1
17,白酒,1
17,胆囊炎,3
17,鸡蛋,1
17,恶心,1
17,胆囊结石,3
17,囊肿,1
17,啤酒,1
17,黄疸,1
17,白酒,1
17,胆管结石,3
17,白酒,1
17,胆管癌,3
17,乏力,1
17,恶心,1
18,胀痛,1
18,胰腺癌,1
18,隐睾,1
18,卵巢癌,1
18,腰肌劳损,1
18,无力,3
18,麻风,1
18,休克,1
18,低血压,1
18,低血糖,1
18,疲劳,3
18,近视,1
18,慢性病,1
18,脱水,1
18,干眼,1
18,脂肪肝,1
18,甲流,1
18,脾虚,3
19,胃病,4
19,胃癌,1
19,胃息肉,1
19,黑便,1
19,恶心,1
19,胃溃疡,1
19,螃蟹,1
19,胃息肉,3
19,息肉,1
19,嗳气,1
19,啤酒,1
19,鸡蛋,1
19,黑便,1
19,恶心,1
19,白酒,1
19,脾虚,3
19,胃痛,3
19,胃癌,1
19,反酸,3
19,胃炎,1
19,腹痛,1
19,食管癌,1
19,肠炎,3
19,便血,1
19,鸡蛋,1
19,恶心,1
19,阑尾炎,3
19,消化不良,1
19,肠胃炎,3
19,上吐下泻,1
19,鸡蛋,1
19,恶心,3
19,消化不良,1
19,呃逆,1
19,胃癌,1
19,胃息肉,1
19,胆囊炎,1
19,肠炎,1
19,胰腺癌,1
19,肝炎,1
19,脑梗死,1
19,贫血,1
19,疟疾,1
19,带状疱疹,1
19,黄疸,1
19,眩晕,1
19,狂犬病,1
19,煤气中毒,1
19,乙肝,1
19,痛经,1
19,淋病,1
19,高钾血症,1
19,多囊肾,1
19,脑血管病,1
19,慢性咽炎,1
19,胆管癌,1
19,胃溃疡,1
19,类癌,1
19,胃出血,3
19,心慌,1
19,休克,1
19,黑便,1
19,血压下降,1
19,胃溃疡,3
19,嗳气,1
19,腹胀,1
19,恶心,1
19,香肠,1
20,乳腺结节,2
20,乳腺增生,1
20,白酒,1
20,乳腺增生,3
20,乳腺炎,3
20,乳腺癌,3
20,排卵障碍,1
20,剧痛,1
20,乳腺疾病,1
20,胸痛,1
20,乳腺疾病,3
20,乳腺癌,1
21,疲劳,1
21,近视,1
21,慢性病,1
21,脱水,1
21,干眼,1
21,脂肪肝,1
21,甲流,1
21,过劳,3
22,脾虚,1
22,腹泻,3
22,艾滋病,1
22,营养不良,1
22,肾虚,1
22,胃痛,3
22,胃癌,1
22,反酸,3
22,胃炎,1
22,腹痛,1
22,食管癌,1
22,肠炎,3
22,便血,1
22,鸡蛋,1
22,恶心,1
22,胃下垂,3
22,失眠,1
22,螃蟹,1
22,肠癌,3
22,黄疸,1
22,尿频,1
22,呕吐,3
22,脑血管病,1
22,阑尾炎,3
22,消化不良,1
22,肠胃炎,3
22,上吐下泻,1
22,鸡蛋,1
22,胃出血,3
22,心慌,1
22,休克,1
22,黑便,1
22,血压下降,1
23,腹泻,1
23,艾滋病,1
23,营养不良,1
23,肾虚,1
23,肠炎,3
23,便血,1
23,鸡蛋,1
23,恶心,1
23,腹痛,3
23,反酸,1
23,休克,1
23,分娩,1
23,药物过敏,1
23,淋病,1
23,阑尾炎,3
23,消化不良,1
24,声带息肉,1
24,啤酒,1
24,鸡蛋,1
24,蜂蜜,1
24,豆浆,1
25,高血压,1
25,咳嗽,1
25,乏力,1
25,脂肪肝,1
25,糖尿病,1
25,血压高,1
25,中风,1
25,狂犬病,1
25,肾虚,1
25,头晕,1
25,脑出血,1
25,肾囊肿,1
25,脊椎病,1
25,肾阴虚,1
25,慢性病,3
25,疲劳,1
25,乏力,1
25,骨质疏松,1
25,腰痛,1
25,菜花,1
26,胆囊炎,1
26,鸡蛋,1
26,恶心,1
27,失眠,2
27,胃下垂,1
27,抑郁症,1
27,肾虚,1
27,腋臭,1
27,噩梦,1
27,疲乏,3
27,痛风,1
27,中暑,1
27,脂肪肝,1
27,猴痘,1
27,贫血,1
27,骨质增生,1
27,猝死,1
27,低血压,1
27,心肌病,1
27,高钾血症,1
27,心慌,3
27,冠心病,1
27,胃出血,1
27,抑郁症,3
27,啤酒,1
27,螃蟹,1
27,抑郁,3
27,痴呆,1
27,帕金森病,1
27,绝经,1
27,性冷淡,1
27,过劳,3
27,心力衰竭,3
27,中暑,1
27,肺癌,1
27,休克,1
27,鸡蛋,1
27,尿毒症,1
27,血压病,1
28,囊肿,1
28,肾囊肿,1
28,胆囊结石,1
28,多囊肾,1
28,遗传病,3
28,贫血,1
29,口苦,1
29,伤寒,3
29,乏力,1
29,贫血,1
29,螃蟹,1
29,瘙痒,3
29,性病,1
29,湿疹,1
29,皮肤病,1
29,脱发,1
29,药物过敏,1
29,痔,1
29,阴道炎,1
29,银屑病,1
29,外阴瘙痒,1
29,妇科炎症,1
29,脚气,1
29,尖锐湿疣,1
29,口干,3
29,口渴,3
29,糖尿病,1
29,恶心,3
29,消化不良,1
29,呃逆,1
29,胃病,1
29,胃癌,1
29,胃息肉,1
29,胆囊炎,1
29,肠炎,1
29,胰腺癌,1
29,肝炎,1
29,脑梗死,1
29,贫血,1
29,疟疾,1
29,带状疱疹,1
29,黄疸,1
29,眩晕,1
29,狂犬病,1
29,煤气中毒,1
29,乙肝,1
29,痛经,1
29,淋病,1
29,高钾血症,1
29,多囊肾,1
29,脑血管病,1
29,慢性咽炎,1
29,胆管癌,1
29,胃溃疡,1
29,类癌,1
29,口干舌燥,3
29,口臭,1
29,阴虚,1
29,失水,3
29,霍乱,1
30,手脚发热,1
30,阴虚,1
30,甲亢,3
30,甲状腺癌,3
30,呼吸衰竭,1
31,胰腺癌,1
31,胀痛,1
31,糖尿病,1
31,恶心,1
31,腺癌,3
31,肺癌,1
31,胸闷,1
31,胸痛,1
31,胰腺炎,3
31,鸡蛋,1
31,肿瘤,3
31,恶性肿瘤,1
31,白酒,1
32,腺癌,1
32,肺癌,1
32,胸闷,1
32,胸痛,1
32,乳腺癌,3
32,排卵障碍,1
32,剧痛,1
32,乳腺疾病,1
32,胸痛,1
32,肿瘤,3
32,恶性肿瘤,1
32,白酒,1
32,乳腺疾病,3
32,乳腺癌,1
33,痛风,1
33,疲乏,1
33,肾结石,1
33,热痛,1
33,痛风石,3
33,啤酒,3
33,肺结节,1
33,呃逆,1
33,胆结石,1
33,胆囊息肉,1
33,胃息肉,1
33,声带息肉,1
33,抑郁症,1
33,性病,1
33,湿疹,1
33,脱水,1
33,巨大儿,1
33,冻伤,1
33,皮肤癌,1
33,休克,1
33,青光眼,1
33,甲流,1
33,便血,1
33,脱发,1
33,风寒,1
33,营养不良,1
33,眩晕,1
33,煤气中毒,1
33,瘫痪,1
33,胎记,1
33,乙肝,1
33,牙周炎,1
33,红皮病,1
33,银屑病,1
33,腹胀,1
33,排卵障碍,1
33,远视,1
33,低血糖,1
33,鼻咽癌,1
33,淋病,1
33,糖尿病足,1
33,风热感冒,1
33,脑出血,1
33,肉瘤,1
33,疣,1
33,宫颈癌,1
33,尖锐湿疣,1
33,性冷淡,1
33,细菌感染,1
33,高钾血症,1
33,职业病,1
33,胆囊结石,1
33,腋臭,1
33,痤疮,1
33,冻疮,1
33,毛囊炎,1
33,多囊肾,1
33,血管病,1
33,包皮过长,1
33,麦粒肿,1
33,自闭症,1
33,荨麻疹,1
33,麻疹,1
33,药疹,1
33,肾阴虚,1
33,偏瘫,1
33,血栓形成,1
33,咽喉炎,1
33,直肠癌,1
33,类癌,1
33,黑色素瘤,1
33,骨质疏松,3
33,慢性病,1
33,骨折,1
33,驼背,1
34,烧伤,1
34,剧痛,1
34,烫伤,3
34,休克,1
34,鸡蛋,1
34,螃蟹,1
35,口干,1
35,口渴,3
35,糖尿病,1
35,口苦,3
35,慢性病,3
35,疲劳,1
35,乏力,1
35,骨质疏松,1
35,腰痛,1
35,菜花,1
35,口干舌燥,3
35,口臭,1
35,阴虚,1
35,失水,3
35,霍乱,1
36,肝炎,3
36,乏力,1
36,肝病,1
36,鸡蛋,1
36,肝癌,1
36,恶心,1
36,白酒,1
36,慢性病,3
36,疲劳,1
36,乏力,1
36,骨质疏松,1
36,腰痛,1
36,菜花,1
36,脂肪肝,3
36,高脂血症,1
36,疲劳,1
36,高血压,1
36,疲乏,1
36,乏力,1
36,肝病,1
36,肝硬化,1
36,高血脂,1
36,鸡蛋,1
36,花生,1
36,水肿,1
36,发炎,3
36,带状疱疹,1
36,艾滋病,1
36,肿胀,1
36,淋病,1
36,痤疮,1
36,肝病,3
36,肝损伤,1
36,脂肪肝,1
36,肝硬化,1
36,乙肝,1
36,肝癌,1
36,肝囊肿,1
36,肝癌,3
36,乏力,1
36,肝病,1
36,黄疸,1
36,乙肝,1
36,肝火,3
36,肝囊肿,3
36,肝病,1
36,肝衰竭,3
36,肝内钙化,3
36,钙化,3
37,近视,2
37,疲劳,1
37,眼干,1
37,营养不良,1
37,近视眼,3
37,青光眼,1
37,鸡蛋,1
37,蜂蜜,1
37,视物模糊,3
37,远视,1
37,干眼,3
37,疲劳,1
37,白内障,3
37,白酒,1
37,青光眼,3
37,啤酒,1
37,蜂蜜,1
37,远视,1
37,近视眼,1
37,花生,1
37,白酒,1
37,眼干,3
37,远视,3
37,啤酒,1
37,视物模糊,1
37,青光眼,1
37,鸡蛋,1
37,流泪,1
37,白酒,1
38,上吐下泻,1
38,肠胃炎,1
38,呕吐,3
38,脑血管病,1
39,脊椎病,2
39,高血压,1
39,颈椎病,1
39,瘫痪,1
39,心律失常,1
39,白酒,1
39,老年痴呆,3
39,骨折,1
39,老年病,1
39,老年斑,3
39,痴呆,3
39,抑郁,1
39,艾滋病,1
39,健忘,1
39,鸡蛋,1
39,尿路感染,1
39,慢性病,3
39,疲劳,1
39,乏力,1
39,骨质疏松,1
39,腰痛,1
39,菜花,1
39,白内障,3
39,白酒,1
39,口齿不清,3
39,脑血管病,1
39,驼背,3
39,骨质疏松,1
39,腰椎病,3
39,鸡蛋,1
39,腰痛,1
39,腰酸,1
39,手脚发麻,1
39,健忘,3
39,痴呆,1
39,骨质增生,3
39,疲乏,1
39,肿胀,1
39,海参,1
39,老来瘦,3
39,孤独症,3
39,白酒,1
39,自闭症,1
39,抽筋,3
39,帕金森病,3
39,抑郁,1
39,青光眼,3
39,啤酒,1
39,蜂蜜,1
39,远视,1
39,近视眼,1
39,花生,1
39,白酒,1
39,耳鸣,3
39,听力下降,1
39,偏头痛,1
39,耳聋,3
39,听力下降,1
39,鸡蛋,1
39,听力下降,3
39,耳鸣,1
39,耳聋,1
39,营养不良,3
39,腹泻,1
39,啤酒,1
39,近视,1
39,贫血,1
39,鸡蛋,1
39,低血糖,1
39,口腔癌,1
39,白酒,1
39,颈椎病,3
39,手脚发麻,1
40,癫痫,1
40,发育迟缓,1
40,鸡蛋,1
40,智力低下,1
41,性病,1
41,瘙痒,1
41,啤酒,1
41,流产,1
41,尿频,1
41,尿急,1
41,白酒,1
41,艾滋病,3
41,腹泻,1
41,痴呆,1
41,发炎,1
41,贫血,1
41,发烧,1
41,糖尿病,1
41,低血压,1
41,鸡蛋,1
41,尖锐湿疣,3
41,瘙痒,1
41,啤酒,1
41,鸡蛋,1
41,蜂蜜,1
41,湿疣,1
41,白酒,1
41,湿疣,3
41,疣,1
41,尖锐湿疣,1
42,巨大儿,1
42,啤酒,1
42,鸡蛋,1
42,肥胖,3
42,高脂血症,1
42,遗传病,3
42,贫血,1
42,营养不良,3
42,腹泻,1
42,啤酒,1
42,近视,1
42,贫血,1
42,鸡蛋,1
42,低血糖,1
42,口腔癌,1
42,白酒,1
42,学习困难,3
42,驼背,3
42,骨质疏松,1
42,健忘,3
42,痴呆,1
42,体重增加,3
43,麻风,1
43,无力,1
43,花生,1
43,脑梗死,3
43,恶心,1
43,脑缺血,1
43,银杏叶片,1
43,脑缺血,3
43,脑梗死,1
43,动脉硬化,1
43,脑出血,3
43,高血压,1
43,啤酒,1
43,血压高,1
43,白酒,1
43,脑血管病,3
43,呕吐,1
43,口齿不清,1
43,恶心,1
43,血管堵塞,1
43,白酒,1
43,脑血栓,3
43,血压高,1
43,鸡蛋,1
43,偏瘫,1
44,中暑,1
44,疲乏,1
44,休克,1
44,鱼肉,1
44,心力衰竭,1
44,头痛,1
44,呼吸衰竭,1
44,昏迷,1
44,螃蟹,1
44,热射病,3
44,鸡蛋,1
44,昏迷,1
45,发炎,1
45,带状疱疹,1
45,艾滋病,1
45,肿胀,1
45,淋病,1
45,痤疮,1
45,牙龈炎,3
45,糖尿病,1
45,牙龈出血,1
45,白酒,1
45,牙周炎,3
45,啤酒,1
45,鸡蛋,1
45,牙龈出血,1
45,白酒,1
45,牙病,3
45,牙龈出血,1
46,皮肤病,1
46,瘙痒,1
46,鸡蛋,1
46,皮肤癌,3
46,啤酒,1
46,鸡蛋,1
46,白酒,1
46,黑色素瘤,1
46,皮炎,3
46,湿疹,1
46,鸡蛋,1
47,口腔溃疡,1
47,白酒,1
47,溃疡,3
48,红斑,1
48,鸡蛋,1
48,红斑狼疮,3
48,乏力,1
48,肺炎,1
48,鸡蛋,1
48,肌肉酸痛,1
48,红皮病,3
48,啤酒,1
48,心肌炎,1
48,肺炎,1
48,鸡蛋,1
48,银屑病,1
48,白酒,1
48,血栓形成,1
48,银屑病,3
48,瘙痒,1
48,啤酒,1
48,红皮病,1
48,白酒,1
48,皮炎,3
48,湿疹,1
48,鸡蛋,1
49,贫血,1
49,疲乏,1
49,伤寒,1
49,遗传病,1
49,艾滋病,1
49,营养不良,1
49,头晕,1
49,恶心,1
49,嗜睡,1
49,气急,1
49,大肠癌,1
49,肾阳虚,1
49,结肠癌,1
49,低血糖,3
49,无力,1
49,啤酒,1
49,休克,1
49,营养不良,1
49,白酒,1
50,冻伤,1
50,啤酒,1
50,休克,1
50,鸡蛋,1
50,白酒,1
50,冻疮,3
50,啤酒,1
50,肿胀,1
50,白酒,1
51,哮喘,1
51,药物过敏,1
52,疟疾,1
52,血尿,1
52,恶心,1
52,螃蟹,1
53,肺癌,1
53,腺癌,1
53,肺炎,1
53,心律失常,1
53,心力衰竭,1
53,呼吸衰竭,1
53,肺结核,3
53,心脏病,1
53,肺病,1
53,结核病,3
53,乏力,1
53,胸痛,1
53,白酒,1
53,肺栓塞,3
53,蜂蜜,1
53,胸痛,1
53,血管病,1
53,血栓形成,1
53,肺病,3
53,肺结核,1
53,咳痰,1
53,胸痛,1
53,螃蟹,1
54,血尿,1
54,疟疾,1
54,药物过敏,1
54,尿频,1
54,尿急,1
54,膀胱癌,3
54,发烧,1
54,腰酸,1
54,尿频,1
54,尿急,1
54,豆腐,1
54,螃蟹,1
54,肿瘤,3
54,恶性肿瘤,1
54,白酒,1
55,灰指甲,1
56,休克,1
56,无力,1
56,啤酒,1
56,烫伤,1
56,腹痛,1
56,肝损伤,1
56,中暑,1
56,冻伤,1
56,脑膜炎,1
56,鸡蛋,1
56,心力衰竭,1
56,低血糖,1
56,白酒,1
56,呼吸衰竭,1
56,胃出血,1
56,食物中毒,1
57,关节炎,1
57,鸡蛋,1
57,肿胀,1
57,关节痛,3
57,肿胀,1
57,骨关节炎,3
57,关节疼痛,1
57,关节疼痛,3
57,骨关节炎,1
57,鸡蛋,1
57,肿胀,1
57,脊椎病,3
57,高血压,1
57,颈椎病,1
57,瘫痪,1
57,心律失常,1
57,白酒,1
58,鼻塞,2
58,感冒,1
58,风寒,1
58,鼻息肉,1
58,鼻咽癌,1
58,口腔癌,1
58,风热感冒,1
58,流鼻涕,3
58,感冒,1
58,鼻炎,1
58,麻疹,1
58,鼻息肉,3
58,鼻炎,1
58,鸡蛋,1
58,花生,1
58,反复感染,1
58,鼻痒,3
58,风寒,1
59,带状疱疹,1
59,乏力,1
59,发炎,1
59,脑膜炎,1
59,恶心,1
59,昏迷,1
60,疱疹,1
60,前列腺炎,1
60,昏迷,1
61,耳鸣,2
61,听力下降,1
61,偏头痛,1
61,听力下降,3
61,耳聋,1
61,耳石症,3
61,头晕,1
61,大蒜,1
61,姜,1
61,耳聋,3
61,听力下降,1
61,鸡蛋,1
62,发烧,2
62,咽炎,1
62,感冒,1
62,膀胱癌,1
62,心肌炎,1
62,艾滋病,1
62,麦粒肿,1
62,甲流,3
62,疲劳,1
62,啤酒,1
62,鸡蛋,1
62,白酒,1
62,感冒,3
62,咽炎,1
62,鼻塞,1
62,流鼻涕,1
62,鸡蛋,1
62,支气管炎,1
62,咸鱼,1
62,风寒,3
62,啤酒,1
62,鼻塞,1
62,打喷嚏,1
62,牛奶,1
62,鼻痒,1
62,支气管炎,1
62,白酒,1
62,鼻炎,3
62,流鼻涕,1
62,鸡蛋,1
62,鼻息肉,1
62,花生,1
62,风热感冒,3
62,啤酒,1
62,鼻塞,1
62,鸡蛋,1
62,白酒,1
62,喉炎,1
63,便血,2
63,肠炎,1
63,啤酒,1
63,痔疮,1
63,鸡蛋,1
63,黑便,1
63,痔疮,3
63,老年便秘,1
63,花生,1
63,直肠癌,1
63,痤疮,3
63,啤酒,1
63,发炎,1
63,冰糖,1
63,白酒,1
63,开塞露,3
63,便秘,3
63,鸡蛋,1
63,蜂蜜,1
63,老年便秘,3
63,痔疮,1
63,大便干燥,1
64,分娩,1
64,腹痛,1
64,螃蟹,1
64,剧痛,3
64,乳腺癌,1
64,烧伤,1
64,痔,1
64,腰痛,3
64,慢性病,1
64,腰椎病,1
64,流产,3
64,性病,1
64,妇科炎症,1
64,白酒,1
65,硬化,1
65,肝硬化,3
65,脂肪肝,1
65,肝病,1
65,黄疸,1
65,蜂蜜,1
65,肝火,3
65,肝衰竭,3
66,心肌炎,1
66,乏力,1
66,发烧,1
66,手足口病,1
66,鸡蛋,1
66,红皮病,1
66,白酒,1
66,麻疹,1
66,肌肉酸痛,1
66,心肌病,3
66,疲乏,1
66,猝死,1
66,心律失常,1
66,头晕,1
67,肺结节,1
67,乏力,1
67,啤酒,1
67,胸闷,1
67,白酒,1
67,姜,1
67,肺炎,3
67,咽炎,1
67,红斑狼疮,1
67,肺癌,1
67,咳痰,1
67,红皮病,1
67,喉炎,1
67,肺栓塞,3
67,蜂蜜,1
67,胸痛,1
67,血管病,1
67,血栓形成,1
68,手足口病,1
68,心肌炎,1
68,鸡蛋,1
68,花生,1
69,糖尿,1
69,高脂血症,1
69,子满,1
69,高血脂,1
69,糖尿病足,1
69,尿路感染,1
69,糖尿病,3
69,高血压,1
69,胰腺癌,1
69,口渴,1
69,牙龈炎,1
69,艾滋病,1
69,冰糖,1
69,肾虚,1
69,蜂蜜,1
69,尿毒症,1
69,尿糖,1
69,多尿,1
69,血糖升高,1
70,血压高,1
70,高脂血症,1
70,高血压,1
70,老年病,1
70,脑出血,1
70,动脉硬化,1
70,偏头痛,1
70,脑血栓,1
70,中风,3
70,高血压,1
70,昏迷,1
70,银杏叶片,1
70,静脉血栓,3
70,低血压,3
70,无力,1
70,疲乏,1
70,艾滋病,1
70,狂犬病,1
70,螃蟹,1
70,低血糖,3
70,无力,1
70,啤酒,1
70,休克,1
70,营养不良,1
70,白酒,1
71,黄疸,1
71,积聚,1
71,肠癌,1
71,肝硬化,1
71,药物过敏,1
71,肝癌,1
71,恶心,1
71,白酒,1
71,胆囊结石,1
72,眩晕,1
72,啤酒,1
72,鸡蛋,1
72,恶心,1
72,花生,1
72,白酒,1
72,偏头痛,1
72,咸鱼,1
72,营养不良,3
72,腹泻,1
72,啤酒,1
72,近视,1
72,贫血,1
72,鸡蛋,1
72,低血糖,1
72,口腔癌,1
72,白酒,1
73,狂犬病,1
73,高血压,1
73,低血压,1
73,心律失常,1
73,鸡蛋,1
73,恶心,1
73,嗜睡,1
73,抽搐,1
73,白酒,1
73,血栓形成,1
74,流鼻血,1
74,鼻咽癌,3
74,啤酒,1
74,鼻塞,1
74,白酒,1
74,偏头痛,1
75,骨折,1
75,骨质疏松,1
75,老年痴呆,1
75,血栓形成,1
76,磨牙,1
76,鸡蛋,1
76,口臭,1
76,牙病,3
76,牙龈出血,1
76,牙痛,3
76,口腔癌,1
77,煤气中毒,1
77,啤酒,1
77,蛋白尿,1
77,头晕,1
77,恶心,1
77,白酒,1
77,昏睡,1
77,心律失常,3
77,肺癌,1
77,狂犬病,1
77,胸闷,1
77,心肌病,1
77,头晕,1
77,尿毒症,1
77,动脉硬化,1
77,脊椎病,1
77,偏头痛,1
77,心肌病,3
77,疲乏,1
77,猝死,1
77,心律失常,1
77,头晕,1
78,打喷嚏,1
78,风寒,1
79,孤独症,1
79,白酒,1
79,自闭症,1
80,肾结石,1
80,结石,1
80,痛风,1
80,肾虚,3
80,腹泻,1
80,高血压,1
80,失眠,1
80,糖尿病,1
80,尿频,1
80,螃蟹,1
80,肾病,3
80,乏力,1
80,肾衰竭,1
80,尿蛋白,1
80,多尿,1
80,肾移植,3
80,鸡蛋,1
80,肾衰竭,3
80,肾病,1
80,多囊肾,3
80,囊肿,1
80,乏力,1
80,啤酒,1
80,恶心,1
80,花生,1
80,白酒,1
80,尿路感染,1
81,发育迟缓,1
81,癫痫,1
81,鸡蛋,1
81,遗传病,3
81,贫血,1
81,营养不良,3
81,腹泻,1
81,啤酒,1
81,近视,1
81,贫血,1
81,鸡蛋,1
81,低血糖,1
81,口腔癌,1
81,白酒,1
81,学习困难,3
81,驼背,3
81,骨质疏松,1
81,胎记,3
81,啤酒,1
81,白酒,1
81,健忘,3
81,痴呆,1
82,口齿不清,1
82,脑血管病,1
83,颅脑损伤,1
83,血压下降,1
83,脑缺血,3
83,脑梗死,1
83,动脉硬化,1
83,脑出血,3
83,高血压,1
83,啤酒,1
83,血压高,1
83,白酒,1
84,胎记,1
84,啤酒,1
84,白酒,1
85,阑尾炎,1
85,消化不良,1
86,药物过敏,1
86,瘙痒,1
86,腹痛,1
86,哮喘,1
86,血尿,1
86,黄疸,1
86,白酒,1
86,红皮病,3
86,啤酒,1
86,心肌炎,1
86,肺炎,1
86,鸡蛋,1
86,银屑病,1
86,白酒,1
86,血栓形成,1
87,乙肝,1
87,乏力,1
87,啤酒,1
87,肝病,1
87,鸡蛋,1
87,肝癌,1
87,恶心,1
87,咸鱼,1
88,肾炎,1
88,鸡蛋,1
88,肾病,3
88,乏力,1
88,肾衰竭,1
88,尿蛋白,1
88,多尿,1
89,鸡,1
89,牛奶,3
89,慢性肝病,1
89,风寒,1
89,鸡蛋,3
89,便秘,1
89,呃逆,1
89,胃息肉,1
89,声带息肉,1
89,胆囊炎,1
89,肠炎,1
89,积聚,1
89,感冒,1
89,烫伤,1
89,肝炎,1
89,痴呆,1
89,湿疹,1
89,胰腺炎,1
89,癫痫,1
89,巨大儿,1
89,肝损伤,1
89,热射病,1
89,脂肪肝,1
89,皮肤病,1
89,红斑,1
89,红斑狼疮,1
89,冻伤,1
89,皮肤癌,1
89,休克,1
89,关节炎,1
89,甲流,1
89,便血,1
89,心肌炎,1
89,脱发,1
89,手足口病,1
89,艾滋病,1
89,营养不良,1
89,眩晕,1
89,狂犬病,1
89,磨牙,1
89,发育迟缓,1
89,鼻炎,1
89,乙肝,1
89,肾炎,1
89,痔,1
89,阴道炎,1
89,阳虚,1
89,肠胃炎,1
89,牙周炎,1
89,红皮病,1
89,卵巢囊肿,1
89,排卵障碍,1
89,月经不调,1
89,妇科炎症,1
89,肿胀,1
89,腰椎病,1
89,远视,1
89,鼻息肉,1
89,关节疼痛,1
89,心力衰竭,1
89,淋病,1
89,糖尿病足,1
89,风热感冒,1
89,头痛,1
89,脚气病,1
89,近视眼,1
89,肾移植,1
89,牙结石,1
89,疣,1
89,尖锐湿疣,1
89,高钾血症,1
89,职业病,1
89,静脉曲张,1
89,动脉硬化,1
89,腋臭,1
89,皮炎,1
89,药疹,1
89,慢性咽炎,1
89,偏瘫,1
89,耳聋,1
89,昏迷,1
89,肩周炎,1
89,血栓形成,1
89,腰肌劳损,1
89,脑血栓,1
89,豆浆,3
89,声带息肉,1
89,尿路感染,1
89,营养不良,3
89,腹泻,1
89,啤酒,1
89,近视,1
89,贫血,1
89,鸡蛋,1
89,低血糖,1
89,口腔癌,1
89,白酒,1
89,豆腐,3
89,膀胱癌,1
89,秃顶,1
89,多动症,1
90,痔,1
90,瘙痒,1
90,鸡蛋,1
90,剧痛,1
90,白酒,1
91,肾虚,1
91,腹泻,1
91,高血压,1
91,失眠,1
91,糖尿病,1
91,尿频,1
91,螃蟹,1
91,气血不足,3
91,血虚,3
91,肾炎,3
91,鸡蛋,1
91,肾病,3
91,乏力,1
91,肾衰竭,1
91,尿蛋白,1
91,多尿,1
91,肾阳虚,3
91,贫血,1
91,肾阴虚,3
91,高血压,1
91,啤酒,1
91,月经稀少,1
91,白酒,1
91,阴虚,3
91,手脚发热,1
91,头晕,1
91,白酒,1
91,多梦,1
91,口干舌燥,1
92,阴道炎,1
92,瘙痒,1
92,鸡蛋,1
92,妇科疾病,3
92,龙虾,1
92,螃蟹,1
92,妇科病,3
92,白酒,1
92,月经不调,3
92,鸡蛋,1
92,痛经,1
92,盆腔炎,1
92,螃蟹,1
92,妇科炎症,3
92,瘙痒,1
92,鸡蛋,1
92,流产,1
92,白酒,1
92,闭经,3
92,卵巢早衰,1
92,多囊卵巢,1
92,排卵障碍,1
92,月经稀少,3
92,阳虚,1
92,肾阴虚,1
92,盆腔积液,3
92,腰酸,1
92,盆腔炎,1
92,不孕不育,3
92,绝经,3
92,乏力,1
92,抑郁,1
92,头晕,1
92,痛经,3
92,乏力,1
92,月经不调,1
92,腰酸,1
92,头晕,1
92,恶心,1
92,卵巢癌,3
92,胀痛,1
92,乏力,1
92,卵巢早衰,3
92,闭经,1
92,龙虾,1
92,腹胀,3
92,啤酒,1
92,蜂蜜,1
92,白酒,1
92,胃溃疡,1
92,子宫脱垂,3
92,腰酸,1
92,白酒,1
92,咖啡,1
92,子宫肌瘤,3
92,尿频,1
92,黄褐斑,1
92,多囊卵巢,3
92,闭经,1
92,卵巢囊肿,3
92,鸡蛋,1
92,排卵障碍,3
92,乳腺癌,1
92,啤酒,1
92,鸡蛋,1
92,闭经,1
92,腰酸,1
92,白酒,1
93,阳虚,1
93,鸡蛋,1
93,月经稀少,1
93,前列腺炎,3
93,疱疹,1
93,淋病,1
93,尿频,1
93,尿急,1
93,早泄,1
93,男性不育,3
93,包皮过长,3
93,啤酒,1
93,前列腺癌,3
93,乏力,1
93,鱼肉,1
93,尿频,1
94,银屑病,1
94,瘙痒,1
94,啤酒,1
94,红皮病,1
94,白酒,1
95,胸闷气短,1
95,气短,3
95,支气管炎,1
95,胸痛,3
95,腺癌,1
95,乳腺癌,1
95,结核病,1
95,肺栓塞,1
95,肺病,1
95,血栓形成,1
96,肿胀,2
96,发炎,1
96,骨质增生,1
96,关节炎,1
96,关节痛,1
96,鸡蛋,1
96,关节疼痛,1
96,水肿,1
96,冻疮,1
96,螃蟹,1
96,水肿,3
96,脂肪肝,1
96,麦粒肿,3
96,啤酒,1
96,发烧,1
96,白酒,1
97,流产,2
97,性病,1
97,妇科炎症,1
97,白酒,1
97,叶酸片,3
97,宫颈炎,3
97,腰酸,1
97,白酒,1
97,宫颈癌,3
97,啤酒,1
97,尿频,1
97,尿急,1
97,白酒,1
97,剧痛,3
97,乳腺癌,1
97,烧伤,1
97,痔,1
97,子宫脱垂,3
97,腰酸,1
97,白酒,1
97,咖啡,1
97,妇科病,3
97,白酒,1
97,妇科疾病,3
97,龙虾,1
97,螃蟹,1
97,妇科炎症,3
97,瘙痒,1
97,鸡蛋,1
97,白酒,1
98,隐睾,1
98,胀痛,1
98,白酒,1
99,腰痛,2
99,慢性病,1
99,腰椎病,1
99,腰椎病,3
99,鸡蛋,1
99,腰酸,1
99,手脚发麻,1
99,腰酸,3
99,膀胱癌,1
99,盆腔积液,1
99,痛经,1
99,排卵障碍,1
99,腰椎病,1
99,宫颈炎,1
99,子宫脱垂,1
99,背痛,3
99,猴痘,1
99,淋病,1
100,面瘫,1
101,白血病,1
102,黑便,1
102,胃病,1
102,胃息肉,1
102,便血,1
102,胃出血,1
103,恶性肿瘤,1
103,肿瘤,1
104,白发,2
104,鼻毛变白,1
104,龙虾,1
104,自闭症,1
104,咸鱼,1
104,鼻毛变白,3
104,毛囊炎,3
104,啤酒,1
104,白酒,1
105,淋病,1
105,乏力,1
105,啤酒,1
105,腹痛,1
105,发炎,1
105,鸡蛋,1
105,背痛,1
105,恶心,1
105,前列腺炎,1
105,盆腔炎,1
105,白酒,1
106,嗜睡,1
106,贫血,1
106,狂犬病,1
106,尿毒症,1
106,打呼噜,3
106,昏睡,3
106,煤气中毒,1
107,迎风流泪,1
107,流泪,3
107,远视,1
108,食管癌,1
108,反酸,1
108,气急,1
108,小龙虾,1
108,食管炎,3
108,烧心,1
108,打嗝,1
108,嗳气,1
108,火腿,1
108,香肠,1
109,肩痛,2
109,肩周炎,1
109,肩周炎,3
109,鸡蛋,1
110,脸红,1
111,秃顶,1
111,豆腐,1
111,姜,1
112,脓包,1
113,抽筋,1
113,手脚发麻,3
113,颈椎病,1
113,腰椎病,1
113,手麻,3
113,四肢抽搐,3
113,抽搐,3
113,猝死,1
113,狂犬病,1
113,脑膜炎,1
113,脚气病,1
113,口吐白沫,3
114,大蒜,1
114,耳石症,1
115,尿频,2
115,性病,1
115,血尿,1
115,膀胱癌,1
115,肠癌,1
115,肾虚,1
115,子宫肌瘤,1
115,前列腺炎,1
115,宫颈癌,1
115,尿路感染,1
115,前列腺癌,1
115,尿急,3
115,性病,1
115,血尿,1
115,膀胱癌,1
115,前列腺炎,1
115,宫颈癌,1
115,尿路感染,1
115,尿毒症,3
115,糖尿病,1
115,心律失常,1
115,心力衰竭,1
115,嗜睡,1
115,高钾血症,1
115,尿蛋白,3
115,肾病,1
115,蛋白尿,3
115,煤气中毒,1
115,花生,1
115,尿路感染,3
115,乏力,1
115,痴呆,1
115,糖尿,1
115,豆浆,1
115,尿急,1
115,花生,1
115,多囊肾,1
115,螃蟹,1
115,夜尿增多,3
116,脚气,1
116,瘙痒,1
116,脚气病,3
116,乏力,1
116,鸡蛋,1
116,抽搐,1
116,白酒,1
117,脂肪瘤,1
117,息肉,1
117,脂肪肉瘤,3
117,肉瘤,3
117,啤酒,1
117,蜂蜜,1
118,口角炎,1
118,白酒,1
118,咸鱼,1
119,早饱,1
119,营养不良,3
119,腹泻,1
119,啤酒,1
119,近视,1
119,贫血,1
119,鸡蛋,1
119,低血糖,1
119,口腔癌,1
119,白酒,1
120,气急,1
120,贫血,1
120,食管癌,1
120,呼吸衰竭,1
120,会厌炎,1
121,小龙虾,1
121,胃癌,1
121,食管癌,1
121,龙虾,3
121,妇科疾病,1
121,卵巢早衰,1
121,白发,1
122,营养师,1
122,营养不良,3
122,腹泻,1
122,啤酒,1
122,近视,1
122,贫血,1
122,鸡蛋,1
122,低血糖,1
122,口腔癌,1
122,白酒,1
123,细菌感染,1
123,啤酒,1
123,白酒,1
123,反复感染,3
123,鼻息肉,1
123,支气管炎,1
124,支气管炎,1
124,咽炎,1
124,感冒,1
124,风寒,1
124,气短,1
124,反复感染,1
125,职业病,1
125,啤酒,1
125,鸡蛋,1
125,白酒,1
126,啤酒肚,1
126,白酒,3
126,肺结节,1
126,呃逆,1
126,胆结石,1
126,乳腺结节,1
126,胆囊息肉,1
126,胃息肉,1
126,肝炎,1
126,性病,1
126,脱水,1
126,牙龈炎,1
126,白内障,1
126,口腔溃疡,1
126,冻伤,1
126,皮肤癌,1
126,结核病,1
126,肿瘤,1
126,休克,1
126,慢性肝病,1
126,青光眼,1
126,甲流,1
126,心肌炎,1
126,脱发,1
126,风寒,1
126,营养不良,1
126,黄疸,1
126,眩晕,1
126,狂犬病,1
126,煤气中毒,1
126,孤独症,1
126,瘫痪,1
126,胎记,1
126,药物过敏,1
126,痔,1
126,冠心病,1
126,牙周炎,1
126,红皮病,1
126,银屑病,1
126,腹胀,1
126,排卵障碍,1
126,妇科炎症,1
126,流产,1
126,宫颈炎,1
126,隐睾,1
126,远视,1
126,低血糖,1
126,鼻咽癌,1
126,淋病,1
126,糖尿病足,1
126,子宫脱垂,1
126,风热感冒,1
126,脑出血,1
126,妇科病,1
126,心脏病,1
126,脚气病,1
126,口角炎,1
126,牙结石,1
126,疣,1
126,宫颈癌,1
126,尖锐湿疣,1
126,细菌感染,1
126,高钾血症,1
126,职业病,1
126,胆囊结石,1
126,脊椎病,1
126,痤疮,1
126,冻疮,1
126,毛囊炎,1
126,多囊肾,1
126,偏头痛,1
126,麦粒肿,1
126,自闭症,1
126,多动症,1
126,胆管结石,1
126,脑血管病,1
126,药疹,1
126,肾阴虚,1
126,阴虚,1
126,偏瘫,1
126,咽喉炎,1
126,类癌,1
126,黑色素瘤,1
127,非典,1
127,乏力,1
127,甲流,3
127,疲劳,1
127,啤酒,1
127,鸡蛋,1
127,白酒,1
127,感冒,3
127,咽炎,1
127,鼻塞,1
127,流鼻涕,1
127,发烧,1
127,鸡蛋,1
127,支气管炎,1
127,咸鱼,1
128,腋臭,1
128,失眠,1
128,啤酒,1
128,鸡蛋,1
128,蜂蜜,1
128,毛囊炎,3
128,啤酒,1
128,白酒,1
129,肛肠疾病,1
129,直肠癌,1
130,毛囊炎,1
130,啤酒,1
130,白酒,1
131,偏头痛,3
131,耳鸣,1
131,血压高,1
131,眩晕,1
131,心律失常,1
131,头晕,1
131,鼻咽癌,1
131,头痛,1
131,白酒,1
131,头痛,3
131,中暑,1
131,鸡蛋,1
131,头晕,3
131,高血压,1
131,贫血,1
131,耳石症,1
131,煤气中毒,1
131,心律失常,1
131,心肌病,1
131,绝经,1
131,痛经,1
131,早泄,1
131,动脉硬化,1
131,慢性咽炎,1
131,阴虚,1
132,大肠癌,1
132,贫血,1
133,自闭症,1
133,啤酒,1
133,孤独症,1
133,白发,1
133,白酒,1
133,闭症,3
134,多动症,1
134,蜂蜜,1
134,豆腐,1
134,白酒,1
135,荨麻疹,1
135,啤酒,1
135,麻疹,3
135,啤酒,1
135,脱水,1
135,流鼻涕,1
135,心肌炎,1
135,螃蟹,1
135,药疹,3
135,啤酒,1
135,鸡蛋,1
135,白酒,1
136,植物人,1
137,肌肉酸痛,1
137,红斑狼疮,1
137,心肌炎,1
138,霍乱,1
138,乏力,1
138,花生,1
138,失水,1
138,血压下降,1
138,瘀血,3
138,血热,3